-- MySQL dump 10.9
--
-- Host: localhost    Database: db_flyright
-- ------------------------------------------------------
-- Server version	4.1.22-community-nt

/*!40101 SET @OLD_CHARACTER_SET_CLIENT=@@CHARACTER_SET_CLIENT */;
/*!40101 SET @OLD_CHARACTER_SET_RESULTS=@@CHARACTER_SET_RESULTS */;
/*!40101 SET @OLD_COLLATION_CONNECTION=@@COLLATION_CONNECTION */;
/*!40101 SET NAMES utf8 */;
/*!40014 SET @OLD_UNIQUE_CHECKS=@@UNIQUE_CHECKS, UNIQUE_CHECKS=0 */;
/*!40014 SET @OLD_FOREIGN_KEY_CHECKS=@@FOREIGN_KEY_CHECKS, FOREIGN_KEY_CHECKS=0 */;
/*!40101 SET @OLD_SQL_MODE=@@SQL_MODE, SQL_MODE='NO_AUTO_VALUE_ON_ZERO' */;
/*!40111 SET @OLD_SQL_NOTES=@@SQL_NOTES, SQL_NOTES=0 */;

--
-- Current Database: `db_flyright`
--

CREATE DATABASE /*!32312 IF NOT EXISTS*/ `db_flyright` /*!40100 DEFAULT CHARACTER SET latin1 */;

USE `db_flyright`;

--
-- Table structure for table `airport`
--

DROP TABLE IF EXISTS `airport`;
CREATE TABLE `airport` (
  `id` mediumint(9) NOT NULL auto_increment,
  `city` varchar(20) NOT NULL default '',
  `state` char(3) NOT NULL default '',
  `name` varchar(4) NOT NULL default '',
  PRIMARY KEY  (`id`),
  UNIQUE KEY `name` (`name`)
) ENGINE=InnoDB DEFAULT CHARSET=latin1;

--
-- Dumping data for table `airport`
--

LOCK TABLES `airport` WRITE;
/*!40000 ALTER TABLE `airport` DISABLE KEYS */;
INSERT INTO `airport` VALUES (1,'Dallas','TX','DFW'),(2,'Los Angeles','CA','LAX'),(3,'Denver','CO','DIA'),(4,'Las Vegas','NV','LAS'),(5,'Miami','FL','MIA'),(6,'San Francisco','CA','SFO'),(7,'New York','NY','JFK');
/*!40000 ALTER TABLE `airport` ENABLE KEYS */;
UNLOCK TABLES;

--
-- Table structure for table `customer`
--

DROP TABLE IF EXISTS `customer`;
CREATE TABLE `customer` (
  `id` mediumint(9) NOT NULL auto_increment,
  `fname` varchar(20) NOT NULL default '',
  `lname` varchar(30) NOT NULL default '',
  `address` varchar(200) NOT NULL default '',
  `city` varchar(50) NOT NULL default '',
  `zip` int(11) NOT NULL default '0',
  `email` varchar(100) default NULL,
  PRIMARY KEY  (`id`)
) ENGINE=InnoDB DEFAULT CHARSET=latin1;

--
-- Dumping data for table `customer`
--

LOCK TABLES `customer` WRITE;
/*!40000 ALTER TABLE `customer` DISABLE KEYS */;
INSERT INTO `customer` VALUES (21,'hfx','xfff','ckg','kcgj',44444,NULL),(22,'Kaia','Chapman','555 A St.','Lakewood',80454,NULL),(24,'Joe','Blow','555 someplace','Cocomos',55555,NULL),(25,'Jolene','Blow','555 someplace','Cocomos',55555,NULL),(26,'f','l','a','c',0,NULL),(27,'john','johnson','8465486684 a st','denver',55555,NULL),(28,'john','johnson','8465486684 a st','denver',55555,NULL),(29,'joe','jophnson','684h  r','denver',44444,NULL),(30,'a','a','a','a',0,NULL),(31,'a','a','a','a',55555,NULL),(32,'fdh','jd','jfx','jxf',0,NULL),(33,'hvhfk','kgl','jfx','jxf',0,NULL),(34,'s','s','s','s',44444,NULL),(35,'Jill','Rogers','48846 wev','Birmingham',11111,NULL),(36,'Jill','Rogers','48846 wev','Birmingham',11111,NULL),(37,'Jill','Rogers','48846 wev','Birmingham',11111,NULL),(38,'Jill','Rogers','61684 grsagrs','Birmigham',24888,NULL),(39,'JILL','ROGERS','8681 rs fe','Dallas',55165,NULL),(40,'Zoe','Zhara','68 reher','Chicago',84896,NULL),(41,'Ely','Ericson','8868 rwwa','greerer',55555,NULL),(42,'JAROD','JACOBSON','168816 ewgw','erhhe',55544,NULL),(43,'Jodi','Culpepper','4 gw','ege',88578,NULL),(44,'John','Jacob','88 uhgw','rgrrg',58854,NULL),(45,'JOLENE','JARODSON','878876','uhuiugi',85878,NULL),(46,'kgc','jcl','ljc','jcl',11111,NULL),(47,'Abe','Bee','c st','detroit',98522,NULL),(48,'Abe','Bee','c st','denver',56855,NULL),(49,'Sarah','Rodreguez','468684 esetwsr','Los Angeles',90210,NULL),(50,'Jerry','Garcia','886 giuigig','uugiiug',64888,NULL),(51,'Harry','Haroldson','56 sgr','gsasrgagrs',55786,NULL),(52,'Herietta','Haroldson','56 sgr','gsasrgagrs',55786,NULL);
/*!40000 ALTER TABLE `customer` ENABLE KEYS */;
UNLOCK TABLES;

--
-- Table structure for table `flight`
--

DROP TABLE IF EXISTS `flight`;
CREATE TABLE `flight` (
  `id` mediumint(9) NOT NULL auto_increment,
  `depart_airport_id` mediumint(9) NOT NULL default '0',
  `arrive_airport_id` mediumint(9) NOT NULL default '0',
  `depart_dt` datetime NOT NULL default '0000-00-00 00:00:00',
  `arrive_dt` datetime NOT NULL default '0000-00-00 00:00:00',
  `rate_id` mediumint(9) NOT NULL default '0',
  PRIMARY KEY  (`id`),
  KEY `depart_airport_id` (`depart_airport_id`),
  KEY `arrive_airport_id` (`arrive_airport_id`),
  KEY `rate_id` (`rate_id`),
  CONSTRAINT `flight_ibfk_1` FOREIGN KEY (`depart_airport_id`) REFERENCES `airport` (`id`),
  CONSTRAINT `flight_ibfk_2` FOREIGN KEY (`arrive_airport_id`) REFERENCES `airport` (`id`),
  CONSTRAINT `flight_ibfk_3` FOREIGN KEY (`rate_id`) REFERENCES `rate` (`id`)
) ENGINE=InnoDB DEFAULT CHARSET=latin1;

--
-- Dumping data for table `flight`
--

LOCK TABLES `flight` WRITE;
/*!40000 ALTER TABLE `flight` DISABLE KEYS */;
INSERT INTO `flight` VALUES (4,1,2,'2015-04-25 01:52:00','2015-04-25 03:46:00',3),(5,1,3,'2015-04-27 01:02:00','2015-04-27 02:26:00',2),(6,2,1,'2015-04-27 15:02:00','2015-04-27 16:26:00',3),(7,3,1,'2015-04-27 23:02:00','2015-04-27 01:26:00',1),(8,4,1,'2015-04-28 23:02:00','2015-04-28 01:56:00',3),(9,5,1,'2015-04-28 23:02:00','2015-04-28 01:56:00',4),(10,5,3,'2015-04-28 23:02:00','2015-04-28 01:56:00',5),(11,5,2,'2015-04-28 23:02:00','2015-04-28 01:56:00',7),(12,5,2,'2015-04-28 23:02:00','2015-04-28 00:00:00',7),(13,2,5,'2015-04-25 11:02:00','2015-04-25 15:56:00',7),(14,3,2,'2015-04-29 08:59:00','2015-04-29 13:02:00',3),(15,3,2,'2015-05-02 08:59:00','2015-05-02 13:02:00',3),(16,3,4,'2015-05-02 08:59:00','2015-05-02 13:02:00',1),(17,4,2,'2015-05-02 02:59:00','2015-05-02 05:02:00',1),(18,4,2,'2015-05-02 04:59:00','2015-05-02 06:02:00',1),(19,3,4,'2015-04-29 15:26:00','2015-04-30 17:26:00',2),(20,4,3,'2015-04-29 15:26:00','2015-04-30 17:26:00',2),(21,6,1,'2015-04-26 15:19:00','2015-04-16 00:00:00',3),(22,6,7,'2015-04-27 09:26:00','2015-04-27 12:52:00',5),(23,6,5,'2015-04-27 09:26:00','2015-04-27 12:52:00',5),(24,7,5,'2015-04-27 09:26:00','2015-04-27 12:52:00',5),(25,7,4,'2015-04-27 09:26:00','2015-04-27 12:52:00',5),(26,7,1,'2015-04-27 09:26:00','2015-04-27 12:52:00',5),(27,7,3,'2015-04-27 09:26:00','2015-04-27 12:52:00',5),(28, 1, 2, '2015-4-30 12:00:00', '2015-5-7 16:25:00', 3), (29, 1, 2, '2015-4-30 11:00:00', '2015-5-7 14:16:00', 3), (30, 2,1, '2015-4-30 12:00:00', '2015-5-7 14:55:00', 2), (31, 2,1, '2015-4-30 10:00:00', '2015-5-7 12:33:00', 1), (32, 1,3, '2015-4-30 09:45:00', '2015-5-7 11:15:00', 4), (33,3,1,'2015-4-30 12:00:00', '2015-5-7 11:00:00', 3), (34, 1,4,'2015-4-30 12:00:00', '2015-5-7 16:56:00', 5), (35,4,1,'2015-4-30 12:00:00', '2015-5-7 13:12:00',3),(36,4,1,'2015-4-30 12:00:00', '2015-5-7 13:12:00',3),(37,4,1,'2015-4-30 12:00:00', '2015-5-7 13:12:00',3),(38,5,1,'2015-4-30 13:00:00', '2015-5-7 16:12:00',3),(39,1,6,'2015-4-30 12:25:00', '2015-5-7 14:12:00',3), (40,6,1,'2015-4-30 12:00:00', '2015-5-7 13:12:00',3),(41,1,7,'2015-4-30 10:00:00', '2015-5-7 13:12:00',3),(42,7,1,'2015-4-30 12:00:00', '2015-5-7 13:12:00',4), (43,2,3,'2015-4-30 09:00:00', '2015-5-7 13:12:00',3),(44,3,2,'2015-4-30 11:00:00', '2015-5-7 13:22:00',2),(45,2,4,'2015-4-30 12:00:00', '2015-5-7 13:12:00',4),(46,4,2,'2015-4-30 13:00:00', '2015-5-7 15:12:00',3),(47,2,5,'2015-4-30 08:00:00', '2015-5-7 13:12:00',2),(48,5,2,'2015-4-30 07:10:00', '2015-5-7 12:25:00',4),(49,2,6,'2015-4-30 14:33:00', '2015-5-7 17:12:00',3),(50,6,2,'2015-4-30 12:33:00', '2015-5-7 13:12:00',2),(51,2,7,'2015-4-30 18:00:00', '2015-5-7 22:12:00',3),(52,7,2,'2015-4-30 12:44:00', '2015-5-7 13:55:00',5),(53,3,4,'2015-4-30 05:26:00', '2015-5-7 10:12:00',1),(54,4,3,'2015-4-30 12:00:00', '2015-5-7 13:12:00',3),(55,3,5,'2015-4-30 10:55:00', '2015-5-7 13:12:00',3),(56,5,3,'2015-4-30 12:55:00', '2015-5-7 15:12:00',5),(57,3,6,'2015-4-30 10:34:00', '2015-5-7 13:12:00',2),(58,6,3,'2015-4-30 09:00:00', '2015-5-7 13:12:00',3),(59,3,7,'2015-4-30 12:00:00', '2015-5-7 13:12:00',3),(60,7,3,'2015-4-30 04:00:00', '2015-5-7 13:12:00',4),(61,4,5,'2015-4-30 13:00:00', '2015-5-7 14:12:00',2),(62,5,4,'2015-4-30 18:00:00', '2015-5-7 18:12:00',5),(63,4,6,'2015-4-30 19:00:00', '2015-5-7 23:12:00',5),(64,4,7,'2015-4-30 12:00:00', '2015-5-7 13:12:00',3),(65,7,4,'2015-4-30 11:00:00', '2015-5-7 13:12:00',3),(66,5,6,'2015-4-30 12:00:00', '2015-5-7 13:12:00',3),(67,6,5,'2015-4-30 09:00:00', '2015-5-7 13:12:00',4),(68,5,7,'2015-4-30 12:00:00', '2015-5-7 13:12:00',3),(69,7,5,'2015-4-30 14:44:00', '2015-5-7 16:12:00',5),(70,6,7,'2015-4-30 12:00:00', '2015-5-7 13:12:00',6),(71,7,6,'2015-4-30 15:30:00', '2015-5-7 21:12:00',2),(72, 1, 2, '2015-4-30 12:00:00', '2015-5-8 16:25:00', 3), (73, 1, 2, '2015-4-30 11:00:00', '2015-5-7 14:16:00', 3), (74, 2,1, '2015-4-30 12:00:00', '2015-5-8 14:55:00', 2), (75, 2,1, '2015-4-30 10:00:00', '2015-5-8 12:33:00', 1), (76, 1,3, '2015-4-30 09:45:00', '2015-5-8 11:15:00', 4), (77,3,1,'2015-4-30 12:00:00', '2015-5-8 11:00:00', 3), (78, 1,4,'2015-4-30 12:00:00', '2015-5-8 16:56:00', 5), (79,4,1,'2015-4-30 12:00:00', '2015-5-8 13:12:00',3),(80,1,5,'2015-4-30 13:00:00', '2015-5-8 14:12:00',3),(81,4,1,'2015-4-30 12:00:00', '2015-5-8 13:12:00',3),(82,5,1,'2015-4-30 13:00:00', '2015-5-8 16:12:00',3),(83,1,6,'2015-4-30 12:25:00', '2015-5-8 14:12:00',3), (84,6,1,'2015-4-30 12:00:00', '2015-5-8 13:12:00',3),(85,1,7,'2015-4-30 10:00:00', '2015-5-8 13:12:00',3),(86,7,1,'2015-4-30 12:00:00', '2015-5-8 13:12:00',4), (87,2,3,'2015-4-30 09:00:00', '2015-5-8 13:12:00',3),(88,3,2,'2015-4-30 11:00:00', '2015-5-8 13:22:00',2),(89,2,4,'2015-4-30 12:00:00', '2015-5-8 13:12:00',4),(90,4,2,'2015-4-30 13:00:00', '2015-5-8 15:12:00',3),(91,2,5,'2015-4-30 08:00:00', '2015-5-8 13:12:00',2),(92,5,2,'2015-4-30 07:10:00', '2015-5-8 12:25:00',4),(93,2,6,'2015-4-30 14:33:00', '2015-5-8 17:12:00',3),(94,6,2,'2015-4-30 12:33:00', '2015-5-8 13:12:00',2),(95,2,7,'2015-4-30 18:00:00', '2015-5-8 22:12:00',3),(96,7,2,'2015-4-30 12:44:00', '2015-5-8 13:55:00',5),(97,3,4,'2015-4-30 05:26:00', '2015-5-8 10:12:00',1),(98,4,3,'2015-4-30 12:00:00', '2015-5-8 13:12:00',3),(99,3,5,'2015-4-30 10:55:00', '2015-5-8 13:12:00',3),(100,5,3,'2015-4-30 12:55:00', '2015-5-8 15:12:00',5),(101,3,6,'2015-4-30 10:34:00', '2015-5-8 13:12:00',2),(102,6,3,'2015-4-30 09:00:00', '2015-5-8 13:12:00',3),(103,3,7,'2015-4-30 12:00:00', '2015-5-8 13:12:00',3),(104,7,3,'2015-4-30 04:00:00', '2015-5-8 13:12:00',4),(105,4,5,'2015-4-30 13:00:00', '2015-5-8 14:12:00',2),(106,5,4,'2015-4-30 18:00:00', '2015-5-8 18:12:00',5),(107,4,6,'2015-4-30 19:00:00', '2015-5-8 23:12:00',5),(108,4,7,'2015-4-30 12:00:00', '2015-5-8 13:12:00',3),(109,7,4,'2015-4-30 11:00:00', '2015-5-8 13:12:00',3),(110,5,6,'2015-4-30 12:00:00', '2015-5-8 13:12:00',3),(111,6,5,'2015-4-30 09:00:00', '2015-5-8 13:12:00',4),(112,5,7,'2015-4-30 12:00:00', '2015-5-8 13:12:00',3),(113,7,5,'2015-4-30 14:44:00', '2015-5-8 16:12:00',5),(114,6,7,'2015-4-30 12:00:00', '2015-5-8 13:12:00',6),(115,7,6,'2015-4-30 15:30:00', '2015-5-8 21:12:00',2),(116, 1, 2, '2015-4-31 12:00:00', '2015-5-8 16:25:00', 3), (117, 1, 2, '2015-4-31 11:00:00', '2015-5-8 14:16:00', 3), (118, 2,1, '2015-4-31 12:00:00', '2015-5-8 14:55:00', 2), (119, 2,1, '2015-4-31 10:00:00', '2015-5-8 12:33:00', 1), (120, 1,3, '2015-4-31 09:45:00', '2015-5-8 11:15:00', 4), (121,3,1,'2015-4-31 12:00:00', '2015-5-8 11:00:00', 3), (122, 1,4,'2015-4-31 12:00:00', '2015-5-8 16:56:00', 5), (123,4,1,'2015-4-31 12:00:00', '2015-5-8 13:12:00',3),(124,1,5,'2015-4-31 13:00:00', '2015-5-8 14:12:00',3),(125,4,1,'2015-4-31 12:00:00', '2015-5-8 13:12:00',3),(126,4,1,'2015-4-31 12:00:00', '2015-5-8 13:12:00',3),(127,5,1,'2015-4-31 13:00:00', '2015-5-8 16:12:00',3),(128,1,6,'2015-4-31 12:25:00', '2015-5-8 14:12:00',3), (129,6,1,'2015-4-31 12:00:00', '2015-5-8 13:12:00',3),(130,1,7,'2015-4-31 10:00:00', '2015-5-8 13:12:00',3),(131,7,1,'2015-4-31 12:00:00', '2015-5-8 13:12:00',4), (132,2,3,'2015-4-31 09:00:00', '2015-5-8 13:12:00',3),(133,3,2,'2015-4-31 11:00:00', '2015-5-8 13:22:00',2),(134,2,4,'2015-4-31 12:00:00', '2015-5-8 13:12:00',4),(135,4,2,'2015-4-31 13:00:00', '2015-5-8 15:12:00',3),(136,2,5,'2015-4-31 08:00:00', '2015-5-8 13:12:00',2),(137,5,2,'2015-4-31 07:10:00', '2015-5-8 12:25:00',4),(138,2,6,'2015-4-31 14:33:00', '2015-5-8 17:12:00',3),(139,6,2,'2015-4-31 12:33:00', '2015-5-8 13:12:00',2),(140,2,7,'2015-4-31 18:00:00', '2015-5-8 22:12:00',3),(141,7,2,'2015-4-31 12:44:00', '2015-5-8 13:55:00',5),(142,3,4,'2015-4-31 05:26:00', '2015-5-8 10:12:00',1),(143,4,3,'2015-4-31 12:00:00', '2015-5-8 13:12:00',3),(144,3,5,'2015-4-31 10:55:00', '2015-5-8 13:12:00',3),(145,5,3,'2015-4-31 12:55:00', '2015-5-8 15:12:00',5),(146,3,6,'2015-4-31 10:34:00', '2015-5-8 13:12:00',2),(147,6,3,'2015-4-31 09:00:00', '2015-5-8 13:12:00',3),(148,3,7,'2015-4-31 12:00:00', '2015-5-8 13:12:00',3),(149,7,3,'2015-4-31 04:00:00', '2015-5-8 13:12:00',4),(150,4,5,'2015-4-31 13:00:00', '2015-5-8 14:12:00',2),(151,5,4,'2015-4-31 18:00:00', '2015-5-8 18:12:00',5),(152,4,6,'2015-4-31 19:00:00', '2015-5-8 23:12:00',5),(153,4,7,'2015-4-31 12:00:00', '2015-5-8 13:12:00',3),(154,7,4,'2015-4-31 11:00:00', '2015-5-8 13:12:00',3),(156,5,6,'2015-4-31 12:00:00', '2015-5-8 13:12:00',3),(157,6,5,'2015-4-31 09:00:00', '2015-5-8 13:12:00',4),(158,5,7,'2015-4-31 12:00:00', '2015-5-8 13:12:00',3),(159,7,5,'2015-4-31 14:44:00', '2015-5-8 16:12:00',5),(160,6,7,'2015-4-31 12:00:00', '2015-5-8 13:12:00',6),(161,7,6,'2015-4-31 15:30:00', '2015-5-8 21:12:00',2),(162, 1, 2, '2015-4-31 12:00:00', '2015-5-7 16:25:00', 3), (163, 1, 2, '2015-4-31 11:00:00', '2015-5-7 14:16:00', 3), (164, 2,1, '2015-4-31 12:00:00', '2015-5-7 14:55:00', 2), (165, 2,1, '2015-4-31 10:00:00', '2015-5-7 12:33:00', 1), (166, 1,3, '2015-4-31 09:45:00', '2015-5-7 11:15:00', 4), (167,3,1,'2015-4-31 12:00:00', '2015-5-7 11:00:00', 3), (168, 1,4,'2015-4-31 12:00:00', '2015-5-7 16:56:00', 5), (169,4,1,'2015-4-31 12:00:00', '2015-5-7 13:12:00',3),(170,1,5,'2015-4-31 13:00:00', '2015-5-7 14:12:00',3),(171,4,1,'2015-4-31 12:00:00', '2015-5-7 13:12:00',3),(172,4,1,'2015-4-31 12:00:00', '2015-5-7 13:12:00',3),(173,5,1,'2015-4-31 13:00:00', '2015-5-7 16:12:00',3),(174,1,6,'2015-4-31 12:25:00', '2015-5-7 14:12:00',3), (175,6,1,'2015-4-31 12:00:00', '2015-5-7 13:12:00',3),(176,1,7,'2015-4-31 10:00:00', '2015-5-7 13:12:00',3),(177,7,1,'2015-4-31 12:00:00', '2015-5-7 13:12:00',4), (178,2,3,'2015-4-31 09:00:00', '2015-5-7 13:12:00',3),(179,3,2,'2015-4-31 11:00:00', '2015-5-7 13:22:00',2),(180,2,4,'2015-4-31 12:00:00', '2015-5-7 13:12:00',4),(181,4,2,'2015-4-31 13:00:00', '2015-5-7 15:12:00',3),(182,2,5,'2015-4-31 08:00:00', '2015-5-7 13:12:00',2),(183,5,2,'2015-4-31 07:10:00', '2015-5-7 12:25:00',4),(184,2,6,'2015-4-31 14:33:00', '2015-5-7 17:12:00',3),(185,6,2,'2015-4-31 12:33:00', '2015-5-7 13:12:00',2),(186,2,7,'2015-4-31 18:00:00', '2015-5-7 22:12:00',3),(187,7,2,'2015-4-31 12:44:00', '2015-5-7 13:55:00',5),(188,3,4,'2015-4-31 05:26:00', '2015-5-7 10:12:00',1),(189,4,3,'2015-4-31 12:00:00', '2015-5-7 13:12:00',3),(190,3,5,'2015-4-31 10:55:00', '2015-5-7 13:12:00',3),(191,5,3,'2015-4-31 12:55:00', '2015-5-7 15:12:00',5),(192,3,6,'2015-4-31 10:34:00', '2015-5-7 13:12:00',2),(193,6,3,'2015-4-31 09:00:00', '2015-5-7 13:12:00',3),(194,3,7,'2015-4-31 12:00:00', '2015-5-7 13:12:00',3),(195,7,3,'2015-4-31 04:00:00', '2015-5-7 13:12:00',4),(196,4,5,'2015-4-31 13:00:00', '2015-5-7 14:12:00',2),(197,5,4,'2015-4-31 18:00:00', '2015-5-7 18:12:00',5),(198,4,6,'2015-4-31 19:00:00', '2015-5-7 23:12:00',5),(199,4,7,'2015-4-31 12:00:00', '2015-5-7 13:12:00',3),(200,7,4,'2015-4-31 11:00:00', '2015-5-7 13:12:00',3),(201,5,6,'2015-4-31 12:00:00', '2015-5-7 13:12:00',3),(202,6,5,'2015-4-31 09:00:00', '2015-5-7 13:12:00',4),(203,5,7,'2015-4-31 12:00:00', '2015-5-7 13:12:00',3),(204,7,5,'2015-4-31 14:44:00', '2015-5-7 16:12:00',5),(205,6,7,'2015-4-31 12:00:00', '2015-5-7 13:12:00',6),(206,7,6,'2015-4-31 15:30:00', '2015-5-7 21:12:00',2) ; 
/*!40000 ALTER TABLE `flight` ENABLE KEYS */;
UNLOCK TABLES;  


--
-- Table structure for table `passenger`
--

DROP TABLE IF EXISTS `passenger`;
CREATE TABLE `passenger` (
  `id` mediumint(9) NOT NULL auto_increment,
  `customer_id` mediumint(9) NOT NULL default '0',
  `reservation_id` mediumint(9) NOT NULL default '0',
  `seat_id` mediumint(9) NOT NULL default '0',
  `meal` tinyint(1) NOT NULL default '0',
  `bags` int(2) NOT NULL default '0',
  `assist` tinyint(1) NOT NULL default '0',
  `comment` varchar(200) default NULL,
  `class` tinyint(1) NOT NULL default '0',
  PRIMARY KEY  (`id`),
  UNIQUE KEY `seat_id` (`seat_id`),
  KEY `customer_id` (`customer_id`),
  KEY `reservation_id` (`reservation_id`),
  CONSTRAINT `passenger_ibfk_1` FOREIGN KEY (`customer_id`) REFERENCES `customer` (`id`),
  CONSTRAINT `passenger_ibfk_2` FOREIGN KEY (`reservation_id`) REFERENCES `reservation` (`id`),
  CONSTRAINT `passenger_ibfk_3` FOREIGN KEY (`seat_id`) REFERENCES `seat` (`id`)
) ENGINE=InnoDB DEFAULT CHARSET=latin1;

--
-- Dumping data for table `passenger`
--

LOCK TABLES `passenger` WRITE;
/*!40000 ALTER TABLE `passenger` DISABLE KEYS */;
INSERT INTO `passenger` VALUES (16,41,22,54,0,1,0,NULL,0),(17,42,23,23,0,1,0,NULL,0),(18,43,24,24,0,1,0,NULL,0),(19,46,27,15,0,1,0,NULL,0),(21,24,29,14,0,1,0,NULL,0),(22,48,31,44,0,1,0,NULL,0),(23,49,32,36,0,1,0,NULL,0),(24,24,33,98,0,1,0,NULL,0),(25,25,33,99,0,1,0,NULL,0),(26,50,34,58,0,1,0,NULL,0),(27,51,35,16,0,1,0,NULL,0),(28,52,35,158,0,1,0,NULL,0);
/*!40000 ALTER TABLE `passenger` ENABLE KEYS */;
UNLOCK TABLES;

--
-- Table structure for table `payment`
--

DROP TABLE IF EXISTS `payment`;
CREATE TABLE `payment` (
  `id` mediumint(9) NOT NULL auto_increment,
  `amount` decimal(7,2) NOT NULL default '0.00',
  `day` datetime NOT NULL default '0000-00-00 00:00:00',
  `method` varchar(11) NOT NULL default '',
  `number` bigint(20) NOT NULL default '0',
  `ccv` smallint(6) NOT NULL default '0',
  `card_date` datetime NOT NULL default '0000-00-00 00:00:00',
  `card_name` varchar(30) NOT NULL default '',
  PRIMARY KEY  (`id`)
) ENGINE=InnoDB DEFAULT CHARSET=latin1;

--
-- Dumping data for table `payment`
--

LOCK TABLES `payment` WRITE;
/*!40000 ALTER TABLE `payment` DISABLE KEYS */;
INSERT INTO `payment` VALUES (12,'346.28','0000-00-00 00:00:00','AmEx',444444444444444,444,'2016-12-20 00:00:00','44444444444'),(13,'346.28','0000-00-00 00:00:00','MasterCard',548767165467644,458,'2016-12-20 00:00:00','RRCC'),(14,'346.28','0000-00-00 00:00:00','MasterCard',5465842457854644,145,'2016-12-20 00:00:00','JOE H BLOW'),(15,'346.28','0000-00-00 00:00:00','Visa',64618446883813813,444,'2016-12-20 00:00:00','john johnson'),(16,'346.28','0000-00-00 00:00:00','Visa',64618446883813813,444,'2016-12-20 00:00:00','john johnson'),(17,'346.28','0000-00-00 00:00:00','AmEx',864861618618168,323,'2016-12-20 00:00:00','joe johnson'),(18,'346.28','0000-00-00 00:00:00','MasterCard',9223372036854775807,524,'2016-12-20 00:00:00','a'),(19,'346.28','0000-00-00 00:00:00','AmEx',4444444444444,444,'2016-12-20 00:00:00','ttt'),(20,'346.28','0000-00-00 00:00:00','MasterCard',4444444444444444,444,'2016-12-20 00:00:00','s'),(21,'-346.28','0000-00-00 00:00:00','MasterCard',548767165467644,458,'2016-12-20 00:00:00','RRCC'),(22,'-346.28','0000-00-00 00:00:00','AmEx',444444444444444,444,'2016-12-20 00:00:00','44444444444'),(23,'-346.28','0000-00-00 00:00:00','AmEx',444444444444444,444,'2016-12-20 00:00:00','44444444444'),(24,'-346.28','0000-00-00 00:00:00','AmEx',444444444444444,444,'2016-12-20 00:00:00','44444444444'),(25,'-346.28','0000-00-00 00:00:00','AmEx',864861618618168,323,'2016-12-20 00:00:00','joe johnson'),(26,'-346.28','0000-00-00 00:00:00','AmEx',4444444444444,444,'2016-12-20 00:00:00','ttt'),(27,'346.28','2015-04-21 17:00:41','MasterCard',38464838383866868,586,'2015-03-01 00:00:00','JILL J ROGERS'),(28,'346.28','2015-04-21 17:52:22','MasterCard',64888888888888,456,'2015-07-23 00:00:00','ZOE Z ZHORA'),(29,'346.28','2015-04-21 18:04:09','MasterCard',5255885555588555,455,'2015-04-21 00:00:00','SAM SAMUALSON'),(30,'346.28','2015-04-21 18:28:21','AmEx',7888886564684644,456,'2015-03-01 00:00:00','JJ JOHNSON'),(31,'346.28','2015-04-21 18:37:49','AmEx',684684381384834834,515,'2017-05-05 00:00:00','JODI CULPEPPER'),(34,'346.28','2015-04-21 21:03:47','MasterCard',46664644444444444,444,'2015-03-01 00:00:00','dhhrdhfhd'),(35,'346.28','2015-04-21 21:41:46','MasterCard',55555555555555555,555,'2015-05-05 00:00:00','KAIA A CHAPMAN'),(36,'346.28','2015-04-21 22:11:07','MasterCard',1684683486738484,585,'2015-03-01 00:00:00','JOE C BLOW'),(37,'346.28','2015-04-21 22:18:26','MasterCard',6686846813215381686,458,'2015-09-21 00:00:00','ABE B CEE'),(38,'346.28','2015-04-21 22:25:51','AmEx',168686866688683888,465,'2015-03-01 00:00:00','Abe C Bee'),(39,'346.28','2015-04-21 22:37:16','Visa',16867438136884,585,'2019-09-09 00:00:00','Sarah Rodreguez'),(40,'346.28','2015-04-21 22:53:14','Visa',16816846846486846,586,'2015-07-24 00:00:00','JOE C BLOW'),(41,'346.28','2015-04-21 22:56:02','AmEx',3444348483464486,444,'2015-03-01 00:00:00','JERRY GARCIA'),(42,'346.28','2015-04-21 22:57:58','AmEx',1668443341684,586,'2015-03-01 00:00:00','H HAROLDSON'),(43,'-346.28','0000-00-00 00:00:00','MasterCard',55555555555555555,555,'2015-05-05 00:00:00','KAIA A CHAPMAN');
/*!40000 ALTER TABLE `payment` ENABLE KEYS */;
UNLOCK TABLES;

--
-- Table structure for table `rate`
--

DROP TABLE IF EXISTS `rate`;
CREATE TABLE `rate` (
  `id` mediumint(9) NOT NULL auto_increment,
  `coach` decimal(8,2) default NULL,
  `firstclass` decimal(8,2) default NULL,
  `adjust` decimal(4,2) default '0.00',
  PRIMARY KEY  (`id`)
) ENGINE=InnoDB DEFAULT CHARSET=latin1;

--
-- Dumping data for table `rate`
--

LOCK TABLES `rate` WRITE;
/*!40000 ALTER TABLE `rate` DISABLE KEYS */;
INSERT INTO `rate` VALUES (1,'100.00','120.00','0.00'),(2,'79.00','100.00','0.00'),(3,'120.00','160.00','0.00'),(4,'150.00','220.00','0.00'),(5,'200.00','310.00','0.00'),(6,'300.00','420.00','0.00'),(7,'400.00','500.00','0.00');
/*!40000 ALTER TABLE `rate` ENABLE KEYS */;
UNLOCK TABLES;

--
-- Table structure for table `reservation`
--

DROP TABLE IF EXISTS `reservation`;
CREATE TABLE `reservation` (
  `id` mediumint(9) NOT NULL auto_increment,
  `payment_id` mediumint(9) NOT NULL default '0',
  PRIMARY KEY  (`id`),
  KEY `payment_id` (`payment_id`),
  CONSTRAINT `reservation_ibfk_1` FOREIGN KEY (`payment_id`) REFERENCES `payment` (`id`)
) ENGINE=InnoDB DEFAULT CHARSET=latin1;

--
-- Dumping data for table `reservation`
--

LOCK TABLES `reservation` WRITE;
/*!40000 ALTER TABLE `reservation` DISABLE KEYS */;
INSERT INTO `reservation` VALUES (22,29),(23,30),(24,31),(27,34),(29,36),(30,37),(31,38),(32,39),(33,40),(34,41),(35,42);
/*!40000 ALTER TABLE `reservation` ENABLE KEYS */;
UNLOCK TABLES;

--
-- Table structure for table `seat`
--

DROP TABLE IF EXISTS `seat`;
CREATE TABLE `seat` (
  `id` mediumint(9) NOT NULL auto_increment,
  `position` char(1) NOT NULL default '',
  `flight_id` mediumint(9) NOT NULL default '0',
  `available` tinyint(1) NOT NULL default '1',
  `class` char(1) NOT NULL default 'C',
  PRIMARY KEY  (`id`),
  KEY `flight_id` (`flight_id`),
  CONSTRAINT `seat_ibfk_1` FOREIGN KEY (`flight_id`) REFERENCES `flight` (`id`)
) ENGINE=InnoDB DEFAULT CHARSET=latin1;

--
-- Dumping data for table `seat`
--

LOCK TABLES `seat` WRITE;
/*!40000 ALTER TABLE `seat` DISABLE KEYS */;
INSERT INTO `seat` VALUES (14,'I',4,0,'C'),(15,'I',5,0,'C'),(16,'I',5,0,'C'),(17,'C',5,0,'C'),(18,'C',5,1,'C'),(19,'C',5,1,'C'),(20,'C',5,1,'C'),(21,'I',5,1,'C'),(22,'I',5,1,'C'),(23,'I',6,0,'C'),(24,'I',6,0,'C'),(25,'I',7,1,'C'),(26,'I',7,1,'C'),(27,'I',8,1,'C'),(28,'I',8,1,'C'),(29,'I',8,1,'C'),(30,'I',8,1,'C'),(31,'W',8,1,'C'),(32,'I',8,1,'C'),(33,'W',8,1,'C'),(34,'W',8,1,'C'),(35,'W',9,1,'C'),(36,'W',9,0,'C'),(37,'W',9,1,'C'),(38,'W',9,1,'C'),(39,'I',9,1,'C'),(40,'I',9,1,'C'),(41,'I',10,1,'C'),(42,'I',10,1,'C'),(43,'I',10,1,'C'),(44,'I',11,0,'C'),(45,'I',11,1,'C'),(46,'W',11,1,'C'),(47,'W',11,1,'C'),(48,'W',11,1,'C'),(49,'C',11,1,'C'),(50,'C',12,1,'C'),(51,'C',12,1,'C'),(52,'I',12,1,'C'),(53,'I',12,1,'C'),(54,'I',13,0,'C'),(55,'I',14,0,'C'),(56,'I',16,1,'C'),(57,'I',15,1,'C'),(58,'I',17,0,'C'),(59,'I',18,1,'C'),(60,'I',18,1,'C'),(61,'I',18,1,'C'),(62,'I',18,1,'C'),(63,'I',18,1,'C'),(64,'I',18,1,'C'),(65,'I',27,1,'C'),(66,'I',27,1,'C'),(67,'I',27,1,'C'),(68,'W',27,1,'C'),(69,'W',27,1,'C'),(70,'C',27,1,'C'),(71,'C',27,1,'C'),(72,'C',26,1,'C'),(73,'C',26,1,'C'),(74,'W',26,1,'C'),(75,'W',26,1,'C'),(76,'W',26,1,'C'),(77,'W',26,1,'C'),(78,'I',26,1,'C'),(79,'I',25,1,'C'),(80,'I',25,1,'C'),(81,'W',25,1,'C'),(82,'W',25,1,'C'),(83,'W',24,1,'C'),(84,'W',24,1,'C'),(85,'W',24,1,'C'),(86,'I',24,1,'C'),(87,'I',24,1,'C'),(88,'I',24,1,'C'),(89,'I',23,1,'C'),(90,'I',23,1,'C'),(91,'I',23,1,'C'),(92,'I',22,1,'C'),(93,'I',22,1,'C'),(94,'I',22,1,'C'),(95,'I',22,1,'C'),(96,'C',22,1,'C'),(97,'C',22,1,'C'),(98,'C',21,0,'C'),(99,'C',21,0,'C'),(100,'W',21,1,'C'),(101,'W',21,1,'C'),(102,'W',21,1,'C'),(103,'I',21,1,'C'),(104,'I',21,1,'C'),(105,'I',21,1,'C'),(106,'I',20,1,'C'),(107,'I',20,1,'C'),(108,'I',20,1,'C'),(109,'W',20,1,'C'),(110,'W',20,1,'C'),(111,'W',20,1,'C'),(112,'W',4,1,'F'),(113,'W',4,1,'F'),(114,'W',4,1,'F'),(115,'W',5,1,'F'),(116,'W',5,1,'F'),(117,'W',5,1,'F'),(118,'W',6,1,'F'),(119,'W',6,1,'F'),(120,'W',6,1,'F'),(121,'W',7,1,'F'),(122,'W',7,1,'F'),(123,'W',8,1,'F'),(124,'W',8,1,'F'),(125,'W',8,1,'F'),(126,'W',9,1,'F'),(127,'W',9,1,'F'),(128,'W',9,1,'F'),(129,'W',10,1,'F'),(130,'W',10,1,'F'),(131,'W',10,1,'F'),(132,'W',11,1,'F'),(133,'W',11,1,'F'),(134,'W',11,1,'F'),(135,'W',12,1,'F'),(136,'W',12,1,'F'),(137,'W',12,1,'F'),(138,'W',13,1,'F'),(139,'W',13,1,'F'),(140,'W',13,1,'F'),(141,'W',14,1,'F'),(142,'W',14,1,'F'),(143,'W',14,1,'F'),(144,'W',15,1,'F'),(145,'W',15,1,'F'),(146,'W',15,1,'F'),(147,'W',15,1,'F'),(148,'W',16,1,'F'),(149,'W',16,1,'F'),(150,'W',16,1,'F'),(151,'W',16,1,'F'),(152,'W',17,1,'F'),(153,'W',17,1,'F'),(154,'W',17,1,'F'),(155,'W',18,1,'F'),(156,'W',18,1,'F'),(157,'W',18,1,'F'),(158,'W',19,0,'F'),(159,'W',19,0,'F'),(160,'W',19,1,'F'),(161,'W',20,1,'F'),(162,'W',20,1,'F'),(163,'W',20,1,'F'),(164,'W',21,1,'F'),(165,'W',21,1,'F'),(166,'W',21,1,'F'),(167,'W',22,1,'F'),(168,'W',22,1,'F'),(169,'W',22,1,'F'),(170,'W',23,1,'F'),(171,'W',23,1,'F'),(172,'W',23,1,'F'),(173,'W',24,1,'F'),(174,'W',24,1,'F'),(175,'W',24,1,'F'),(176,'W',25,1,'F'),(177,'W',25,1,'F'),(178,'W',25,1,'F'),(179,'W',26,1,'F'),(180,'W',26,1,'F'),(181,'W',26,1,'F'),(182,'W',27,1,'F'),(183,'W',27,1,'F'),(184,'W',27,1,'F');
/*!40000 ALTER TABLE `seat` ENABLE KEYS */;
UNLOCK TABLES;

/*!40101 SET SQL_MODE=@OLD_SQL_MODE */;
/*!40014 SET FOREIGN_KEY_CHECKS=@OLD_FOREIGN_KEY_CHECKS */;
/*!40014 SET UNIQUE_CHECKS=@OLD_UNIQUE_CHECKS */;
/*!40101 SET CHARACTER_SET_CLIENT=@OLD_CHARACTER_SET_CLIENT */;
/*!40101 SET CHARACTER_SET_RESULTS=@OLD_CHARACTER_SET_RESULTS */;
/*!40101 SET COLLATION_CONNECTION=@OLD_COLLATION_CONNECTION */;
/*!40111 SET SQL_NOTES=@OLD_SQL_NOTES */;

